{
  "id": "",
  "name": "",
  "font_family": "iconfont",
  "css_prefix_text": "icon-",
  "description": "",
  "glyphs": [
    {
      "icon_id": "711345",
      "name": "一日游",
      "font_class": "yiriyou",
      "unicode": "e678",
      "unicode_decimal": 59000
    },
    {
      "icon_id": "1814056",
      "name": "向日葵线体",
      "font_class": "xiangrikuixianti",
      "unicode": "e636",
      "unicode_decimal": 58934
    },
    {
      "icon_id": "1907828",
      "name": "握手",
      "font_class": "woshou",
      "unicode": "e504",
      "unicode_decimal": 58628
    },
    {
      "icon_id": "2153759",
      "name": "更多服务",
      "font_class": "gengduofuwu",
      "unicode": "e609",
      "unicode_decimal": 58889
    },
    {
      "icon_id": "2480504",
      "name": "徒步旅行",
      "font_class": "Trekking",
      "unicode": "e621",
      "unicode_decimal": 58913
    },
    {
      "icon_id": "5657055",
      "name": "亲子游",
      "font_class": "qinziyou",
      "unicode": "e606",
      "unicode_decimal": 58886
    },
    {
      "icon_id": "8615749",
      "name": "外币兑换",
      "font_class": "waibiduihuan",
      "unicode": "e6b3",
      "unicode_decimal": 59059
    },
    {
      "icon_id": "11820577",
      "name": "钻石",
      "font_class": "zuanshi",
      "unicode": "e501",
      "unicode_decimal": 58625
    },
    {
      "icon_id": "12049396",
      "name": "酒店",
      "font_class": "jiudian-copy",
      "unicode": "e512",
      "unicode_decimal": 58642
    },
    {
      "icon_id": "12489668",
      "name": "p",
      "font_class": "p",
      "unicode": "e510",
      "unicode_decimal": 58640
    },
    {
      "icon_id": "12963275",
      "name": "热气球",
      "font_class": "reqiqiu",
      "unicode": "e60b",
      "unicode_decimal": 58891
    },
    {
      "icon_id": "13083362",
      "name": "更多服务",
      "font_class": "services",
      "unicode": "e65b",
      "unicode_decimal": 58971
    },
    {
      "icon_id": "13168187",
      "name": "城堡",
      "font_class": "chengbao",
      "unicode": "e700",
      "unicode_decimal": 59136
    }
  ]
}
