{
  "id": "",
  "name": "",
  "font_family": "iconfont",
  "css_prefix_text": "icon-",
  "description": "",
  "glyphs": [
    {
      "icon_id": "1305",
      "name": "购物车满",
      "font_class": "gouwucheman",
      "unicode": "f0178",
      "unicode_decimal": 983416
    },
    {
      "icon_id": "411687",
      "name": "15",
      "font_class": "15",
      "unicode": "e61e",
      "unicode_decimal": 58910
    },
    {
      "icon_id": "554517",
      "name": "播放",
      "font_class": "iconset0481",
      "unicode": "e768",
      "unicode_decimal": 59240
    },
    {
      "icon_id": "774402",
      "name": "搜索",
      "font_class": "sousuo",
      "unicode": "e632",
      "unicode_decimal": 58930
    },
    {
      "icon_id": "825060",
      "name": "手机",
      "font_class": "shouji54",
      "unicode": "e660",
      "unicode_decimal": 58976
    },
    {
      "icon_id": "881589",
      "name": "7",
      "font_class": "7",
      "unicode": "e600",
      "unicode_decimal": 58880
    },
    {
      "icon_id": "978354",
      "name": "微信",
      "font_class": "gongzhonghao",
      "unicode": "e63e",
      "unicode_decimal": 58942
    },
    {
      "icon_id": "1440640",
      "name": "个人中心",
      "font_class": "gerenzhongxin",
      "unicode": "e651",
      "unicode_decimal": 58961
    },
    {
      "icon_id": "1638205",
      "name": "位置",
      "font_class": "weizhi",
      "unicode": "e60f",
      "unicode_decimal": 58895
    },
    {
      "icon_id": "2672186",
      "name": "礼物",
      "font_class": "liwu",
      "unicode": "e64d",
      "unicode_decimal": 58957
    },
    {
      "icon_id": "2718745",
      "name": "新浪",
      "font_class": "xinlang",
      "unicode": "e614",
      "unicode_decimal": 58900
    },
    {
      "icon_id": "5033507",
      "name": "位置",
      "font_class": "weizhi1",
      "unicode": "e633",
      "unicode_decimal": 58931
    },
    {
      "icon_id": "7588137",
      "name": "右箭头",
      "font_class": "youjiantou",
      "unicode": "e627",
      "unicode_decimal": 58919
    },
    {
      "icon_id": "11195033",
      "name": "耳机",
      "font_class": "erji",
      "unicode": "e65f",
      "unicode_decimal": 58975
    },
    {
      "icon_id": "13646166",
      "name": "播放",
      "font_class": "bofang",
      "unicode": "e60c",
      "unicode_decimal": 58892
    },
    {
      "icon_id": "13900897",
      "name": "消息",
      "font_class": "ziyuan",
      "unicode": "e612",
      "unicode_decimal": 58898
    }
  ]
}
